TimeStamp, ElapsedMilliseconds,SpineBase-X,SpineBase-Y,SpineBase-Z,SpineMid-X,SpineMid-Y,SpineMid-Z,Neck-X,Neck-Y,Neck-Z,Head-X,Head-Y,Head-Z,ShoulderLeft-X,ShoulderLeft-Y,ShoulderLeft-Z,ElbowLeft-X,ElbowLeft-Y,ElbowLeft-Z,WristLeft-X,WristLeft-Y,WristLeft-Z,HandLeft-X,HandLeft-Y,HandLeft-Z,ShoulderRight-X,ShoulderRight-Y,ShoulderRight-Z,ElbowRight-X,ElbowRight-Y,ElbowRight-Z,WristRight-X,WristRight-Y,WristRight-Z,HandRight-X,HandRight-Y,HandRight-Z,HipLeft-X,HipLeft-Y,HipLeft-Z,KneeLeft-X,KneeLeft-Y,KneeLeft-Z,AnkleLeft-X,AnkleLeft-Y,AnkleLeft-Z,FootLeft-X,FootLeft-Y,FootLeft-Z,HipRight-X,HipRight-Y,HipRight-Z,KneeRight-X,KneeRight-Y,KneeRight-Z,AnkleRight-X,AnkleRight-Y,AnkleRight-Z,FootRight-X,FootRight-Y,FootRight-Z,SpineShoulder-X,SpineShoulder-Y,SpineShoulder-Z,HandTipLeft-X,HandTipLeft-Y,HandTipLeft-Z,ThumbLeft-X,ThumbLeft-Y,ThumbLeft-Z,HandTipRight-X,HandTipRight-Y,HandTipRight-Z,ThumbRight-X,ThumbRight-Y,ThumbRight-Z
04/04/2016-09:58:16.271,428,256.8386,-220.4066,2409.158,301.5367,50.85556,2491.813,327.4075,463.9369,2530.534,327.7106,325.8601,2547.728,127.0195,234.0202,2576.36,40.44733,35.10329,2574.695,49.22845,-9.255939,2292.542,74.14855,-50.25717,2235.116,473.0419,202.9958,2466.561,492.9968,-15.8716,2385.408,331.5473,-65.62699,2256.347,166.45,-28.36422,2173.088,180.2331,-221.5244,2387.303,-3.881576,-263.0632,1915.225,-45.48496,-506.2882,2297.781,-10.67355,-556.2371,2143.212,325.7135,-213.1821,2362.207,144.8366,-52.01143,2070.539,222.5836,-537.8143,2128.99,251.427,-589.446,2055.558,319.7929,257.1852,2533.543,89.25408,-63.69728,2204.155,19.14882,-55.29223,2227.17,153.3624,-50.34209,2151.369,121.6343,-51.37294,2189.092
04/04/2016-09:58:16.332,489,222.8873,-223.1379,2411.954,288.7025,52.06508,2503.782,346.4855,468.2864,2559.406,340.435,327.6765,2567.204,134.318,234.1522,2596.082,50.42457,34.69753,2608.36,44.77173,-28.47063,2331.715,80.52605,-59.72499,2241.38,478.1068,203.0418,2470.323,493.0403,-15.70673,2385.489,329.341,-66.77398,2258.408,168.5756,-63.0144,2185.624,149.0434,-213.9379,2401.716,-1.830563,-266.6194,1915.229,-65.80128,-478.3856,2318.202,-28.35251,-541.3009,2168.088,290.312,-225.9823,2354.003,148.0069,-39.45021,2058.214,266.2105,-522.4921,2137.668,221.2643,-573.5059,1995.797,327.6491,259.6646,2546.533,85.57298,-101.7617,2206.853,12.69386,-63.99584,2223.094,157.913,-93.05731,2141.102,117.8577,-72.60822,2217.571
04/04/2016-09:58:16.898,1055,208.1175,-227.171,2436.305,284.2276,54.12098,2521.848,375.471,471.992,2596.572,354.5548,330.9954,2587.57,151.2889,256.781,2618.783,53.8404,45.59952,2620.231,40.12936,-38.1782,2350.327,99.43614,-71.93224,2236.853,482.141,205.0022,2473.188,463.9771,18.24257,2360.84,283.6653,-43.57279,2255.876,188.2485,-101.8179,2170.31,135.1193,-211.9063,2431.479,15.30723,-262.6382,1934.551,-48.22216,-494.9283,2325.269,-23.95258,-546.1496,2167.242,275.494,-235.8919,2373.257,170.9989,-132.3271,1954.996,267.0701,-529.4783,2193.865,280.3471,-587.0285,2064.974,339.8792,264.0177,2570.453,126.8001,-118.1563,2206.407,45.02286,-78.69003,2194.66,175.2582,-142.9616,2101.333,139.8161,-120.174,2203.956
04/04/2016-09:58:16.934,1091,216.2792,-238.5815,2475.588,284.4663,52.96584,2537.343,386.4963,473.2487,2610.078,359.9361,332.318,2595.117,159.089,269.9036,2625.619,48.88957,57.48611,2606.914,32.45581,-43.99247,2349.323,103.5853,-80.41852,2228.046,483.9402,207.4229,2474.238,441.8821,44.076,2341.961,255.1378,-25.86479,2254.85,199.7773,-118.4487,2157.843,142.2186,-223.8927,2469.259,28.22701,-258.5505,1970.888,-21.96302,-526.4587,2339.485,-11.46823,-554.58,2169.494,284.9893,-246.5367,2414.108,199.2356,-212.8953,1898.601,245.2249,-543.8169,2234.722,343.3521,-604.9061,2149.885,344.6369,265.6335,2580.594,153.0252,-114.0867,2188.602,65.2655,-104.5847,2167.688,182.9478,-164.847,2082.768,149.9392,-139.2643,2182.863
04/04/2016-09:58:16.976,1133,243.0525,-247.0764,2503.814,293.6657,50.86521,2547.942,388.3369,472.266,2610.213,361.0722,333.0599,2595.814,162.1351,278.3855,2623.711,44.20085,64.63712,2591.468,26.86433,-43.13711,2336.167,102.1635,-83.43385,2219.659,484.0737,209.685,2473.994,430.0895,57.95786,2331.796,239.367,-15.75348,2253.863,203.5419,-115.9158,2144.501,165.5271,-239.099,2490.14,31.35592,-263.1691,1998.863,-1.017942,-557.6405,2351.763,-10.4772,-586.551,2178.96,315.4034,-247.6664,2450.236,228.3867,-240.7246,1891.126,205.7517,-555.4283,2195.28,272.9311,-608.8099,2111.537,346.426,266.1888,2585.363,164.7405,-111.6117,2180.313,74.53045,-116.3212,2153.821,181.0229,-148.9367,2084.318,136.8664,-110.6423,2174.111
04/04/2016-09:58:17.005,1161,279.1527,-247.9234,2510.2,311.2176,49.26368,2550.22,385.0969,470.6109,2603.422,360.1565,333.1346,2592.991,161.4293,279.6361,2617.326,40.70418,67.86709,2579.638,-5.317078,-30.94866,2371.656,33.24319,-76.47324,2252.099,483.4743,211.147,2473.246,436.754,50.49978,2335.985,250.4387,-17.92315,2256.987,200.1188,-102.6881,2138.235,198.1614,-249.8029,2485.959,29.68959,-268.9149,2010.732,8.912527,-572.3696,2358.064,4.633767,-587.0946,2184.959,354.5938,-238.1893,2468.024,270.703,-192.8258,1929.614,186.5967,-556.707,2142.953,186.7229,-602.3072,2039.245,346.8323,265.7057,2584.631,68.1269,-96.16902,2198.137,15.90703,-127.055,2219.658,175.9847,-128.6299,2093.156,120.4303,-73.78251,2178.138
04/04/2016-09:58:17.066,1223,296.8802,-244.7296,2502.28,323.5978,48.8842,2548.291,382.5442,469.1678,2597.565,360.6429,333.0383,2590.263,160.4662,276.4079,2612.242,44.28371,66.14803,2580.203,-24.07475,-21.84169,2403.408,-15.52371,-67.9462,2276.041,484.5094,211.9969,2472.62,454.6503,32.7766,2348.65,269.2539,-25.46557,2262.403,198.8394,-88.11291,2134.18,214.3972,-251.7843,2473.095,23.15128,-281.0972,2004.544,0.4358466,-563.8274,2363.899,-0.9968441,-584.3217,2192.772,373.1635,-229.6796,2465.078,237.7707,-102.6645,2078.18,191.3902,-541.8912,2108.855,217.8996,-593.6544,2049.057,349.0501,264.7928,2581.931,-10.92002,-83.39855,2221.664,-31.06332,-117.0632,2264.317,173.2734,-105.4711,2103.83,141.2863,-45.19824,2159.97
04/04/2016-09:58:17.298,1455,300.3342,-239.9319,2490.025,332.1475,49.30764,2545.532,391.8573,466.4921,2595.895,371.6667,332.2928,2589.412,166.8355,271.3586,2610.658,61.36715,74.1167,2601.283,-26.91626,4.212708,2437.1,-22.89185,-30.81566,2291.121,503.2607,211.7334,2475.731,495.1016,6.630499,2374.44,289.2827,-36.83794,2272.753,198.9552,-81.05465,2135.177,218.5853,-247.6453,2460.285,22.90682,-268.1016,1989.149,-9.955048,-535.5052,2357.069,-7.9452,-571.8096,2191.823,373.9048,-224.9299,2451.425,207.8531,-48.4739,2171.729,208.047,-531.6456,2111.044,283.8511,-589.4592,2090.417,360.3946,263.2615,2580.145,-41.55781,-51.98705,2236.908,-42.04636,-72.66386,2274.876,178.6284,-100.3086,2110.052,175.982,-43.23387,2174.554
04/04/2016-09:58:17.399,1556,292.8145,-237.1956,2483.291,334.6822,49.72472,2543.911,401.3676,464.4014,2593.864,380.7993,330.5195,2587.039,172.4538,268.8556,2611.53,72.08883,82.22501,2616.261,-36.32888,34.23412,2452.766,-1.680948,5.005209,2298.951,514.1884,211.3391,2477.774,514.2099,-5.550772,2386.654,299.3192,-43.53815,2280.218,202.4021,-81.24663,2136.662,212.266,-241.6561,2456.219,27.24607,-251.1138,1980.422,-13.74663,-518.4382,2350.329,26.17559,-588.4951,2205.308,363.8836,-225.8988,2441.336,187.8522,-52.13033,2190.774,220.4465,-529.1295,2138.327,356.6069,-591.8924,2151.912,368.9001,261.5689,2578.042,-25.89319,-16.20392,2258.041,-18.62469,-11.9108,2275.132,183.9555,-109.5839,2111.921,201.5278,-49.61559,2180.413
04/04/2016-09:58:17.433,1590,284.3089,-236.918,2483.408,334.2465,49.9639,2543.658,408.619,462.4425,2589.625,386.494,328.8923,2584.924,177.1172,268.5469,2612.709,67.64373,93.833,2617.146,-41.05757,49.56648,2447.243,24.16409,18.03586,2290.829,521.1784,211.0351,2479.145,520.2611,-6.674797,2389.872,301.515,-46.10151,2285.183,207.075,-85.30744,2137.878,204.8201,-237.8913,2459.332,32.26509,-238.2014,1978.916,-6.783502,-517.0947,2341.486,15.97987,-622.9246,2217.361,354.1952,-229.1998,2438.256,193.2744,-93.61767,2146.086,223.3792,-532.0455,2161.077,285.8462,-589.8272,2102.596,374.1308,260.3362,2576.812,12.16655,-8.195412,2255.706,8.817348,1.204879,2252.552,188.5062,-119.5232,2110.349,200.7137,-79.8371,2161.211
04/04/2016-09:58:17.473,1630,279.4523,-237.8005,2486.545,332.9767,49.79612,2543.564,410.2237,461.0768,2582.176,387.4058,326.8989,2580.598,179.3691,269.4273,2613.351,57.04458,100.3966,2608.49,-45.959,54.43217,2433.361,37.31751,12.22561,2277.574,523.1591,210.8687,2479.485,511.7495,0.9277962,2383.933,299.4207,-45.80532,2287.342,210.4906,-88.999,2138.399,200.4536,-236.5834,2463.924,35.94405,-231.5838,1981.825,3.655221,-528.9903,2334.591,2.164283,-649.9963,2227.528,349.2787,-232.3363,2440.27,216.1729,-129.2591,2088.349,215.7825,-538.3944,2167.543,268.8166,-597.5601,2090.955,375.1046,258.9577,2574.08,36.97699,-12.41782,2248.382,24.77973,-11.13336,2228.595,190.4689,-126.1521,2108.662,185.7591,-83.4649,2164.409
04/04/2016-09:58:17.503,1660,279.032,-238.7951,2489.703,332.2701,49.35435,2542.702,405.5345,460.7389,2571.597,383.7242,325.3556,2574.77,179.2441,270.7615,2612.298,47.37793,101.8618,2598.79,-50.36649,51.43202,2421.199,30.45911,-1.795018,2274.855,521.2946,210.8259,2478.914,502.1712,6.273553,2377.746,296.8822,-44.65222,2287.719,212.6388,-90.85513,2138.851,199.8674,-236.9815,2467.144,37.61646,-231.9309,1985.786,11.16647,-540.2521,2331.31,-11.92603,-661.7155,2234.857,350.1169,-233.7307,2444.157,234.1595,-133.4354,2065.95,206.9506,-541.7066,2156.209,173.2982,-590.4398,2013.187,372.2668,257.7952,2569.758,33.87577,-23.47286,2238.998,19.30272,-34.85001,2220.956,189.8262,-126.7624,2107.731,171.338,-76.21614,2166.932
04/04/2016-09:58:17.565,1722,281.3795,-239.1415,2490.792,331.964,48.85209,2539.486,393.1678,460.7326,2553.015,375.4707,324.6499,2565.377,175.6386,272.7392,2606.359,41.9962,100.1633,2592.306,-53.17322,46.21129,2415.206,12.77347,-6.96726,2320.239,516.4977,211.076,2475.232,495.5251,8.236213,2373.374,295.6762,-43.88241,2287.494,213.1537,-91.15775,2138.876,201.8651,-237.9003,2467.415,38.91299,-236.6524,1986.955,14.67642,-546.7629,2330.539,19.60341,-638.4453,2213.866,353.8045,-233.2653,2446.425,235.5433,-111.0054,2084.489,202.5183,-542.0487,2143.354,213.3972,-598.3842,2037.66,365.951,257.036,2561.765,9.239583,-32.00531,2244.374,3.785478,-29.78259,2288.958,188.0834,-124.1795,2107.575,164.9008,-65.41331,2171.826
04/04/2016-09:58:21.511,5667,276.924,-206.4479,2465.095,267.6684,75.54855,2471.374,246.9223,478.7964,2431.906,257.7742,350.0512,2461.028,68.37984,293.6707,2517.089,-1.993474,98.8427,2512.919,-36.01822,-32.50535,2375.815,9.535014,-97.43315,2191.298,425.2372,268.5523,2420.592,524.6773,93.36427,2455.037,428.3272,-81.33958,2351.842,405.3463,-123.1979,2286.786,191.1997,-209.0964,2435.794,4.417882,-267.124,2035.795,-17.92791,-598.7417,2161.711,-54.48639,-631.8817,2051.347,354.7166,-198.225,2425.561,210.6469,-209.5635,2067.567,233.0585,-602.8548,2053.999,283.6918,-641.0465,1957.295,260.7291,282.5191,2465.932,-8.011321,-129.5968,2110.035,-18.70465,-78.26618,2170.206,384.8633,-197.7314,2247.287,354.0461,-109.424,2280.531
04/04/2016-09:58:21.535,5692,272.3386,-182.8887,2446.235,218.5804,96.17786,2420.408,139.8555,492.2928,2345.723,171.2118,369.7273,2384.596,-12.22864,308.8877,2450.832,-32.75882,99.06983,2456.213,-22.71052,-84.74009,2350.907,16.24615,-159.7058,2083.917,357.5551,312.1683,2379.875,549.5242,157.5744,2516.433,531.4835,-80.87167,2392.209,541.3117,-131.3531,2388.638,182.2023,-187.4269,2412.674,-24.38263,-290.5135,2073.53,-44.62937,-637.8325,2032.618,-114.7409,-634.404,1930.185,353.3037,-173.8343,2409.783,188.4179,-296.6729,2047.006,258.8275,-649.6172,1994.203,343.8433,-673.2937,1904.254,182.9767,302.2827,2395.509,-9.109395,-199.0732,2010.959,-27.21891,-109.0695,2062.031,517.7487,-221.0524,2348.055,494.5009,-109.9159,2363.101
04/04/2016-09:58:21.599,5756,269.1589,-169.4401,2435.517,193.4526,106.6986,2395.07,94.44175,496.1621,2310.679,133.5943,377.7967,2351.434,-49.97581,315.6971,2420.574,-49.57076,100.0069,2426.86,-15.87889,-113.5249,2336.944,14.52848,-200.4549,2011.716,325.2009,333.012,2360.365,549.2629,172.5734,2516.949,554.2762,-99.36222,2356.471,576.6739,-149.401,2394.755,176.6675,-175.1384,2400.009,-40.19852,-302.0898,2094.324,-57.19909,-656.1585,1972.454,-151.4597,-646.7903,1881.081,351.7154,-159.9517,2400.495,179.266,-350.1064,2025.447,271.4085,-673.8232,1968.491,356.1494,-685.8626,1871.086,147.8837,311.076,2364.071,-13.18854,-254.0135,1960.179,-57.92467,-175.9811,1999.327,557.1167,-246.6962,2367.218,525.491,-156.0021,2369.184
04/04/2016-09:58:21.637,5793,266.3141,-174.4277,2436.871,203.4432,100.7587,2406.508,118.2048,489.8457,2330.317,153.405,371.619,2368.948,-32.44789,310.8415,2435.898,-46.71888,100.8272,2439.343,-20.66095,-108.1766,2338.146,6.769722,-200.3879,2009.878,340.5917,322.0801,2369.338,532.3876,145.5052,2479.573,504.9634,-99.65768,2292.281,510.7763,-146.366,2315.502,175.8764,-179.6033,2403.448,-35.25644,-283.2817,2092.502,-51.21436,-637.2131,1998.566,-147.1497,-659.4049,1916.691,347.0258,-165.6304,2400.646,187.9147,-347.2874,2012.248,264.352,-666.1077,1984.968,326.5788,-675.6007,1869.317,165.5061,305.1047,2380.359,-13.3743,-261.6749,1975.044,-56.57805,-175.7289,1993.781,513.15,-219.9383,2297.637,478.9714,-192.4261,2336.841
04/04/2016-09:58:21.699,5856,268.0219,-191.3689,2441.448,230.5943,85.06881,2430.084,171.4879,479.1283,2369.914,197.7152,357.6293,2405.933,8.780159,300.5258,2469.55,-35.87366,96.8131,2461.889,-29.22219,-92.22591,2344.426,-2.188852,-176.578,2055.07,375.0846,288.1158,2384.625,496.4704,78.04921,2412.675,421.8401,-97.80778,2224.403,389.7173,-136.454,2201.474,182.1252,-195.5709,2412.051,-20.57603,-260.2598,2077.705,-36.79638,-609.1179,2063.87,-115.4808,-661.5206,1979.497,345.4196,-183.1419,2402.101,202.045,-308.4883,2015.581,249.4591,-644.003,2015.293,290.1045,-656.999,1889.09,205.9373,290.7726,2414.347,-15.81496,-238.5126,2022.572,-68.34505,-192.9494,2050.296,388.0384,-184.8427,2185.464,408.2801,-204.9355,2238.209
04/04/2016-09:58:21.766,5923,269.8824,-203.872,2445.353,249.3309,74.82595,2446.703,206.8984,472.6153,2394.717,227.6714,348.4838,2430.717,37.35652,293.6577,2493.296,-42.4048,98.02817,2482.634,-31.31698,-44.24577,2274.064,-6.100634,-151.0453,2098.472,398.5553,265.0821,2394.086,472.7298,26.42208,2371.814,359.9198,-110.4501,2185.073,315.6285,-135.9849,2136.205,187.0336,-207.1498,2418.723,-10.19398,-245.9165,2066.531,-26.93964,-590.8325,2109.187,-86.51696,-656.8787,2014.219,345.0255,-196.121,2403.688,210.8687,-277.8876,2022.133,239.3577,-628.4039,2035.341,268.8247,-644.8103,1904.767,233.4451,281.3711,2437.345,-12.27291,-201.2395,2060.783,-70.82973,-189.6237,2097.61,299.7871,-174.6708,2120.127,361.0974,-195.3936,2156.269
04/04/2016-09:58:21.804,5961,261.6433,-213.6914,2433.077,246.4793,70.49452,2437.331,200.5317,472.8083,2381.917,222.9058,346.6851,2421.772,34.15826,290.0837,2493.604,-54.80988,98.0814,2483.465,-42.18115,-46.86969,2266.229,-4.072334,-149.649,2108.012,395.7899,258.3609,2383.469,469.6841,16.49222,2372.919,362.1918,-111.7979,2206.032,314.6336,-141.3788,2150.057,182.0439,-214.5357,2410.132,-12.56565,-261.4207,2066.502,-28.79096,-605.6736,2101.016,-91.65555,-648.2189,2003.859,335.0027,-207.4711,2388.632,207.5665,-276.4574,2026.81,241.4099,-633.1362,2028.723,281.6694,-652.6222,1906.886,229.4324,278.9313,2428.453,-15.228,-196.3042,2058.437,-71.71581,-185.6508,2113.421,287.4452,-189.9451,2125.846,388.6884,-186.6408,2183.945
04/04/2016-09:58:21.837,5994,258.6287,-215.0708,2425.735,233.5286,73.50132,2419.352,170.7533,476.9517,2352.094,199.3754,350.888,2396.115,12.16856,290.256,2479.547,-68.12277,97.98656,2470.656,-51.76276,-53.20423,2267.23,12.26176,-111.4315,2178.988,377.3391,268.1695,2365.931,481.3655,39.00275,2399.282,397.5655,-141.686,2236.373,351.6736,-143.0271,2199.59,179.38,-215.0996,2403.281,-18.89314,-271.5381,2072.554,-36.46157,-619.4698,2063.054,-117.4791,-642.9418,1971.714,331.8982,-209.1302,2380.508,198.3311,-299.2273,2023.788,250.7435,-648.615,2009.597,306.344,-666.7952,1895.745,208.1627,282.9008,2404.259,-16.04064,-136.3846,2082.709,-19.13028,-121.2332,2186.07,286.9609,-181.3189,2146.656,408.9632,-174.0444,2195.632
04/04/2016-09:58:21.871,6028,255.704,-213.6348,2419.933,222.7038,76.9069,2406.171,148.5579,480.2566,2331.506,181.8511,354.6232,2377.492,-4.533733,291.2961,2467.857,-103.4343,120.2599,2542.863,-100.2641,-60.41763,2359.406,-64.76977,-89.12929,2318.872,363.273,277.3371,2354.407,492.2635,61.82008,2420.594,427.6394,-157.272,2256.797,383.5775,-145.7498,2237.037,176.067,-213.2295,2397.408,-28.00961,-285.381,2080.333,-42.55223,-634.7349,2033.633,-135.5292,-641.7534,1946.24,329.2926,-207.8148,2374.561,191.5111,-319.1862,2019.372,257.567,-659.9999,1995.786,322.8458,-676.4252,1886.471,192.0293,286.5623,2386.955,-88.93857,-128.1272,2251.692,-88.4094,-81.54524,2312.517,291.1921,-175.1434,2156.946,424.2421,-187.738,2216.792
04/04/2016-09:58:21.901,6058,267.7288,-208.7689,2446.778,221.4846,78.40448,2405.198,145.3363,480.1459,2327.422,182.2518,354.8493,2371.807,-6.549358,287.9012,2466.558,-123.1751,131.4156,2589.409,-140.0352,-53.94748,2412.168,-141.3142,-70.15296,2380.939,358.8363,282.2587,2350.035,495.9035,71.04262,2422.357,422.2121,-145.5332,2245.103,365.7542,-127.9076,2237.698,185.8714,-211.0737,2426.711,-32.67356,-290.9763,2084.628,-43.47358,-639.7042,2028.313,-137.8906,-646.324,1942.072,342.1498,-200.6281,2398.389,188.4293,-330.2156,2015.202,260.2124,-664.6001,1991.562,319.9396,-665.1746,1880.296,190.749,287.2444,2382.268,-161.5416,-123.2474,2343.18,-161.4951,-51.08415,2361.211,272.5052,-150.006,2140.69,409.9681,-184.325,2204.064
04/04/2016-09:58:21.937,6093,277.4359,-206.3364,2469.123,231.2974,76.52731,2418.255,160.7165,477.0224,2339.599,197.3,351.6064,2380.815,7.387869,280.6113,2475.075,-125.2286,125.3417,2596.425,-164.973,-42.15844,2391.223,-198.6055,-68.10371,2345.831,367.1272,278.321,2353.904,490.1549,60.94294,2403.892,385.7913,-134.2054,2216.565,316.309,-117.9368,2205.077,194.1982,-210.8296,2450.799,-34.13461,-291.4635,2085.529,-38.67655,-638.5244,2048.39,-124.7845,-650.1826,1956.225,352.8224,-196.2642,2419.7,189.749,-325.9246,2013.949,257.3524,-660.5435,1998.83,311.0183,-653.8107,1882.297,203.8557,284.3215,2391.953,-215.4691,-126.1656,2333.625,-228.8479,-53.00229,2324.041,234.0238,-135.0628,2105.166,370.0334,-188.3643,2174.841
04/04/2016-09:58:21.970,6127,283.7518,-205.4666,2483.105,240.2759,74.18533,2429.935,173.5869,474.6241,2350.161,209.3738,348.8344,2389.703,19.61872,274.9035,2482.07,-114.7304,105.8247,2553.625,-168.7324,-32.4285,2329.439,-215.0541,-81.21936,2242.03,375.8127,272.8063,2358.294,484.5957,49.89586,2388.086,362.223,-126.1612,2198.116,286.1527,-113.1082,2181.167,199.6874,-211.2111,2465.756,-33.51965,-289.6825,2084.434,-34.73608,-635.5182,2065.516,-113.0823,-652.0304,1968.873,359.8143,-194.3461,2433.127,191.6067,-318.1731,2015.039,253.9586,-655.8867,2006.682,302.3472,-644.39,1885.984,214.8791,281.646,2401.217,-235.487,-132.612,2224.819,-255.1191,-74.82058,2222.99,214.8143,-134.5401,2089.939,348.8104,-188.5615,2155.3
04/04/2016-09:58:22.002,6158,286.5536,-207.604,2480.705,245.8404,72.54686,2436.932,180.8596,473.2749,2356.052,216.2491,347.0704,2395.481,26.70968,270.5663,2484.908,-106.2854,79.38198,2480.036,-162.3143,-36.94609,2266.553,-202.2539,-106.8619,2132.787,381.4435,268.6324,2360.987,481.1776,42.02967,2378.445,392.2222,-107.5676,2226.856,334.3254,-137.9601,2195.137,202.22,-214.272,2460.44,-32.78428,-288.265,2083.166,-32.30152,-633.819,2075.934,-105.1146,-652.0773,1974.631,363.1111,-195.6172,2432.79,192.7143,-312.2729,2016.877,251.6778,-652.9985,2011.856,298.6429,-641.078,1889.336,221.6458,279.8591,2407.213,-230.7469,-141.7248,2090.891,-246.4122,-104.7469,2118.751,292.6824,-190.3984,2139.789,403.4608,-195.1804,2225.207
04/04/2016-09:58:22.041,6198,287.4215,-212.0174,2462.782,246.6295,71.86745,2437.184,176.226,473.7759,2352.292,213.133,347.1234,2394.409,23.6438,266.2069,2477.557,-105.4322,63.32346,2420.579,-169.9814,-57.23427,2221.262,-186.2211,-132.0073,2074.515,381.3201,267.0148,2359.68,486.8495,48.22734,2382.341,436.1686,-99.76762,2266.23,398.3875,-161.8863,2228.667,203.2675,-219.205,2440.368,-29.55154,-285.0515,2081.264,-33.44248,-630.705,2072.281,-104.0651,-650.7086,1969.702,364.067,-199.2825,2416.529,191.4768,-313.1815,2019.445,251.7852,-655.3768,2012.259,300.9835,-643.2484,1890.284,220.3916,279.696,2406.616,-220.2927,-156.7577,2005.211,-228.8401,-126.2187,2072.033,367.5147,-235.4735,2193.263,461.4211,-200.8529,2293.222
04/04/2016-09:58:22.069,6226,269.4296,-220.3399,2448.147,240.7079,70.82461,2432.57,167.6081,474.5972,2345.757,205.5204,347.7623,2390.427,16.44767,263.0792,2466.468,-125.4911,39.70758,2365.132,-189.8174,-89.58244,2204.922,-182.8309,-153.0249,2078.313,377.9358,267.693,2356.609,498.4383,62.40374,2393.759,465.6242,-96.73952,2291.844,439.5099,-175.2912,2253.224,186.6212,-224.9843,2424.424,-20.16625,-249.1917,2081.004,-35.97005,-618.4064,2061.196,-105.5349,-649.5947,1964.274,345.5111,-209.7402,2403.203,189.1473,-318.6266,2021.464,248.2135,-662.4221,2011.837,304.9987,-648.0206,1893.964,214.1239,280.0341,2402.761,-216.7542,-174.0008,1996.691,-228.5585,-154.4213,2061.999,410.794,-257.1219,2226.606,495.7382,-207.5245,2332.642
04/04/2016-09:58:22.102,6258,254.3991,-230.1563,2425.05,231.7072,67.43599,2423.619,160.6401,474.7738,2340.689,198.9317,347.9165,2387.111,9.387179,260.471,2454.471,-140.951,30.71553,2351.374,-203.2784,-106.6909,2209.205,-195.0298,-156.7596,2112.723,374.3833,268.8637,2353.899,511.1706,80.17638,2413.48,469.4809,-99.41209,2296.79,447.5046,-177.4208,2266.245,171.7539,-233.023,2399.651,-18.2283,-242.3383,2077.599,-39.24138,-612.5633,2051.848,-108.4748,-650.291,1958.742,330.3813,-220.6992,2382.117,187.1884,-324.1161,2022.728,246.9125,-667.4233,2010.671,307.9309,-651.1913,1895.346,207.9391,279.7995,2399.067,-218.7941,-182.0744,2029.876,-183.3126,-165.2933,2097.727,401.8009,-244.3373,2229.54,495.5661,-210.4511,2324.604
04/04/2016-09:58:22.137,6294,236.7618,-236.0222,2411.866,217.1104,61.73901,2412.757,156.8327,474.0331,2337.984,193.8812,347.0012,2385.742,4.769673,258.598,2443.858,-149.2352,29.82591,2353.384,-209.8079,-111.7306,2217.067,-205.8813,-152.6345,2132.378,372.133,269.6185,2352.451,517.1004,90.62048,2424.293,449.7329,-104.0083,2283.318,424.0941,-168.0599,2261.147,156.4417,-236.7134,2387.759,-32.82605,-257.0602,2069.907,-45.34528,-614.4576,2042.844,-116.1473,-655.7858,1952.545,309.769,-229.0214,2367.295,185.89,-327.6711,2022.8,245.2666,-670.6866,2009.794,309.2705,-651.9097,1896.786,201.4523,278.0446,2396.646,-222.7834,-183.3528,2057.418,-153.9812,-171.9064,2106.53,358.4826,-219.8059,2210.457,471.5272,-207.2242,2263.116
04/04/2016-09:58:22.171,6328,229.5216,-238.1354,2407.429,210.4103,58.7158,2407.977,155.1559,471.8253,2336.016,190.5873,345.3105,2385.765,0.05724514,258.1878,2429.944,-143.0399,46.19376,2351.148,-199.2807,-96.71971,2208.043,-207.6092,-141.3428,2119.239,370.9396,269.8816,2352.191,517.846,98.4491,2431.011,433.5208,-106.6961,2271.574,405.1124,-161.2218,2254.551,149.8266,-238.0832,2383.833,-46.36053,-278.5898,2066.055,-48.58075,-619.9137,2040.616,-119.745,-658.8204,1950.338,301.8201,-231.7028,2362.655,185.5799,-328.718,2022.838,244.5797,-671.4801,2009.891,308.3486,-650.2789,1897.474,197.2182,275.964,2395.746,-223.8894,-175.5819,2049.352,-141.029,-170.9521,2079.86,326.5073,-204.7196,2193.317,449.2149,-214.4072,2228.259
04/04/2016-09:58:22.205,6362,234.3985,-223.4628,2440.739,207.0176,57.53075,2407.371,153.4108,467.9685,2332.291,186.876,343.062,2385.591,-4.879219,258.5869,2415.652,-135.1995,60.10143,2333.904,-185.4389,-80.23418,2179.85,-199.7492,-142.3363,2075.702,368.7472,270.5941,2352.845,512.1282,116.6047,2442.076,434.5309,-106.4852,2279.324,411.0073,-162.0654,2265.983,150.3036,-227.3326,2414.007,-48.653,-293.444,2073.372,-43.97976,-627.9337,2051.203,-115.9534,-658.6658,1951.991,311.398,-214.0116,2397.382,185.7443,-328.1641,2022.998,244.5434,-670.8416,2010.234,307.0471,-648.2046,1897.481,194.0236,274.0568,2395.528,-211.1225,-179.8394,1998.92,-139.3934,-167.9617,2042.489,337.2036,-224.0515,2209.858,465.5419,-212.2038,2239.548
04/04/2016-09:58:22.237,6394,236.2342,-215.4499,2457.628,205.963,58.19427,2409.433,150.2031,463.7478,2325.655,180.664,340.4236,2382.878,-10.65892,260.9347,2399.058,-136.9837,57.80052,2285.158,-184.4146,-92.14558,2139.542,-192.4624,-160.0259,2021.03,364.9055,272.5166,2354.165,508.1764,130.7488,2451.934,472.446,-105.4266,2315.088,459.3894,-168.6975,2307.142,150.0774,-221.2423,2428.431,-42.00768,-273.9517,2080.882,-37.7425,-622.389,2061.304,-109.2595,-653.7166,1960.581,315.7545,-204.1096,2417.069,186.1169,-326.8071,2023.645,245.0444,-669.5386,2010.558,305.9163,-645.8033,1896.93,188.909,272.1151,2393.701,-207.4906,-186.8989,1952.255,-143.9361,-167.073,2016.386,416.357,-253.5276,2257.975,529.4454,-190.1321,2299.682
04/04/2016-09:58:22.275,6432,234.1487,-211.937,2465.039,204.9505,59.4693,2411.635,145.9512,460.1515,2316.515,172.3054,338.0743,2376.85,-16.33969,263.817,2382.703,-147.1437,54.88247,2254.421,-187.4332,-103.1527,2120.512,-190.509,-170.7296,2003.189,359.5944,276.0515,2355.727,506.339,141.4694,2462.22,511.2572,-77.61668,2364.569,497.8405,-144.9253,2355.825,146.7387,-218.2815,2432.53,-33.13293,-246.8698,2080.334,-32.53261,-615.4669,2067.333,-136.6484,-644.4055,1978.942,315.1305,-200.1063,2427.519,186.6317,-325.0685,2024.69,245.7245,-667.9338,2010.667,305.5905,-645.1766,1896.403,181.4641,270.355,2389.046,-206.0139,-193.2362,1934.015,-171.1718,-175.8591,1981.987,472.7493,-237.6242,2318.955,567.5141,-144.7904,2352.399
04/04/2016-09:58:22.307,6464,226.959,-215.0345,2456.061,202.3699,60.76358,2412.331,142.6577,458.4026,2309.076,164.5738,336.7103,2369.896,-19.8487,265.7267,2371.909,-154.6981,65.17132,2255,-194.0684,-100.8927,2133.215,-196.3582,-173.6248,2019.869,354.0829,280.0596,2357.282,506.0781,148.9344,2476.206,530.7137,-59.14546,2399.858,534.0833,-122.8746,2397.913,140.7945,-219.8129,2422.38,-29.20414,-239.8314,2077.433,-31.44291,-610.7042,2065.022,-165.8321,-641.057,1988.973,306.6994,-204.6976,2420.284,187.1025,-323.5285,2025.678,246.2667,-666.4741,2010.549,305.6918,-648.5591,1895.306,174.1934,269.3636,2383.381,-210.9912,-195.7421,1951.698,-164.9697,-178.8114,2008.58,544.0435,-206.4902,2379.363,601.489,-110.6865,2413.476
04/04/2016-09:58:22.335,6491,221.1526,-219.0208,2444.416,198.5626,61.62568,2410.955,140.6153,457.886,2302.929,159.4136,336.1453,2364.062,-21.63394,266.6403,2364.452,-157.0462,77.49546,2273.571,-198.8934,-90.28121,2153.768,-204.647,-165.3925,2049.983,350.1486,283.2651,2358.409,506.0042,150.961,2490.716,532.1812,-52.12482,2420.479,543.0273,-108.1656,2418.747,136.2812,-222.2926,2410.209,-29.61916,-238.3335,2071.001,-31.55407,-606.735,2062.153,-143.0209,-646.6196,1986.424,299.4923,-210.0358,2409.439,187.7025,-321.3501,2026.419,246.8714,-664.1982,2010.223,305.9385,-652.2247,1894.365,168.9055,268.9258,2378.264,-215.1299,-194.5564,1974.374,-153.2151,-178.5155,2039.276,579.854,-171.7292,2420.781,601.582,-98.68765,2445.533
04/04/2016-09:58:22.372,6529,217.66,-221.9186,2436.18,194.3583,62.11067,2408.256,139.8802,457.9807,2298.146,156.3912,335.9547,2359.396,-22.67424,267.1213,2356.562,-156.7676,86.28426,2288.61,-200.4578,-79.91301,2167.508,-209.2284,-158.0897,2068.433,347.9736,285.1469,2359.072,503.8904,148.3567,2509.614,519.9329,-56.34969,2428.465,528.6989,-103.7455,2427.118,133.764,-224.1446,2402.042,-35.42905,-264.2164,2065.393,-33.89994,-611.6067,2056.09,-118.0204,-653.3389,1969.947,294.8948,-213.8829,2401.246,188.202,-319.725,2026.69,247.298,-662.4471,2009.878,305.9707,-654.8285,1893.573,165.538,268.7725,2374.01,-216.3276,-192.0455,1990.145,-144.0455,-177.1765,2058.172,581.3604,-158.0512,2437.791,512.2228,-122.2213,2405.955
04/04/2016-09:58:22.403,6560,217.6902,-221.9011,2433.16,191.4528,62.40163,2405.317,139.8228,458.0509,2294.115,154.6839,335.7079,2355.341,-23.82829,267.4704,2348.979,-154.5537,92.87285,2291.4,-199.5236,-70.69404,2164.874,-205.7472,-152.8833,2060.358,347.0033,286.0058,2359.454,500.0166,146.7309,2523.988,509.588,-66.71065,2431.64,514.009,-108.8617,2426.951,133.9029,-224.2982,2398.747,-38.70295,-272.6311,2061.324,-34.78944,-612.7189,2054.079,-125.6006,-651.4119,1972.629,294.9946,-213.3755,2398.629,188.6092,-318.4491,2026.629,247.7019,-660.9987,2009.458,305.9655,-656.3297,1892.981,163.752,268.6478,2370.347,-213.3738,-189.3004,1989.661,-141.5901,-175.4701,2050.233,561.2287,-166.1902,2436.599,444.3881,-150.0314,2363.421
04/04/2016-09:58:22.434,6590,219.8293,-219.789,2434.484,189.5984,62.62032,2402.367,139.8781,457.4583,2289.163,152.6416,335.001,2350.419,-25.71292,267.9889,2339.561,-157.4681,95.5579,2271.515,-197.4866,-92.57419,2116.986,-200.1137,-152.572,2041.776,345.8134,286.468,2359.516,495.3752,145.8312,2530.972,507.588,-95.6412,2434.692,508.8715,-118.2452,2425.09,135.4393,-223.2122,2399.217,-38.97863,-267.5681,2058.833,-34.28677,-612.0109,2054.709,-117.9806,-649.4446,1976.369,297.9787,-209.9809,2400.965,188.9302,-317.6024,2026.396,247.9994,-660.0646,2009.105,305.8761,-656.6304,1892.596,162.0706,268.234,2366.049,-208.2644,-188.0014,1980.301,-143.3962,-174.0698,2037.437,547.6182,-179.6179,2431.12,425.4429,-166.9716,2326.852
04/04/2016-09:58:22.470,6627,221.6969,-217.7652,2436.605,188.2928,62.58581,2399.294,139.8162,456.2061,2283.969,150.0469,333.5741,2344.446,-26.94925,268.3685,2334.251,-165.9472,97.38738,2242.337,-196.8567,-89.25871,2094.227,-194.4352,-151.461,2028.465,343.6188,286.8443,2359.089,486.4748,145.3127,2532.81,510.2338,-109.6702,2436.476,512.6503,-124.0201,2424.782,136.7758,-221.9886,2400.409,-37.74074,-262.9884,2058.038,-34.69374,-611.9261,2053.786,-154.4689,-644.8997,1985.998,300.6403,-206.9231,2404.057,189.1762,-317.111,2026.137,248.2348,-659.5433,2008.792,305.7564,-656.4009,1892.201,159.9295,267.1838,2360.754,-195.5393,-187.743,1966.962,-142.9748,-172.4529,2030.963,543.4435,-187.7568,2428.94,451.2075,-165.8714,2322.127
04/04/2016-09:58:22.502,6659,222.6816,-216.4947,2437.811,187.231,62.3834,2396.284,139.687,454.2458,2277.975,147.4265,331.8933,2338.138,-28.45216,268.6368,2321.428,-171.9406,97.96771,2225.418,-196.8835,-82.32651,2089.095,-188.682,-149.57,2023.929,341.0473,287.2621,2358.464,475.6074,141.3855,2529.719,514.2148,-116.6057,2437.704,520.0157,-126.3072,2424.828,137.4727,-221.0753,2400.522,-35.90677,-254.4745,2057.088,-33.5556,-608.5337,2055.498,-170.9814,-641.8136,1992.504,302.0343,-205.1999,2405.972,189.3891,-316.7763,2025.928,248.5391,-659.1555,2008.427,305.724,-656.1301,1891.689,157.6476,265.8565,2355.134,-185.3196,-187.8412,1962.116,-137.5295,-170.2996,2031.42,546.2389,-187.4052,2428.404,489.238,-153.3425,2337.545
04/04/2016-09:58:22.567,6724,222.7149,-216.0768,2437.599,185.1464,61.38401,2390.955,140.251,446.6201,2259.316,142.3223,327.8935,2322.985,-28.95786,268.6205,2315.432,-176.342,97.85428,2217.751,-197.3431,-75.76803,2097.261,-184.7061,-147.4619,2031.109,338.6051,287.5766,2357.646,467.7994,137.6139,2526.526,516.7631,-115.4245,2436.951,525.4501,-125.6889,2424.69,137.3678,-220.7235,2398.982,-34.90587,-252.621,2056.045,-35.37449,-608.2355,2051.779,-150.0018,-655.2335,1988.691,302.1946,-204.7822,2406.373,189.5901,-316.5518,2025.781,248.8347,-658.8907,2008.075,305.75,-656.0389,1891.107,153.2195,262.6328,2342.824,-179.6107,-188.0383,1961.649,-130.4751,-170.7619,2035.326,553.9516,-178.5691,2428.918,509.7405,-143.111,2355.162
04/04/2016-09:58:22.602,6759,222.2814,-216.1779,2436.447,183.2161,59.67577,2385.204,141.0506,441.204,2246.617,139.6461,324.1574,2312.48,-28.82182,266.377,2300.695,-178.422,96.93153,2218.675,-197.6106,-71.4848,2108.734,-183.0101,-146.9233,2039.125,335.5807,286.7685,2354.513,462.8625,135.2223,2524.546,516.8405,-111.0104,2434.937,527.5311,-124.0433,2424.187,136.9423,-220.7968,2396.565,-35.50286,-258.9279,2054.403,-37.39073,-610.7496,2047.564,-131.3996,-659.8783,1982.682,301.7094,-205.0889,2405.815,189.8349,-316.2875,2025.68,249.1433,-658.5927,2007.728,305.8425,-656.2607,1890.563,150.575,259.2482,2333.324,-177.2403,-188.2051,1964.82,-125.6609,-171.2201,2038.957,558.9229,-170.8061,2429.347,498.6359,-140.5983,2364.484
04/04/2016-09:58:22.666,6823,221.9147,-216.4521,2434.49,182.3372,57.45054,2371.598,145.0967,433.7043,2229.326,141.5408,322.252,2284.498,-26.68517,261.9702,2280.927,-179.0921,95.35705,2221.367,-197.2353,-74.84144,2114.153,-182.8535,-147.7182,2044.219,333.1523,283.9026,2347.25,451.2552,124.5531,2519.069,515.7679,-107.6493,2432.943,527.2745,-122.8895,2423.413,136.643,-221.2229,2392.93,-37.65245,-268.7599,2052.261,-39.58691,-615.9747,2043.168,-115.4168,-663.1354,1974.291,301.2306,-205.4819,2404.97,190.1213,-315.9776,2025.593,249.4047,-658.2874,2007.416,305.9426,-656.558,1890.124,151.6719,256.8991,2308.194,-178.4306,-188.3809,1967.651,-123.1348,-172.3185,2039.342,560.5585,-166.3409,2428.794,475.6985,-147.0562,2348.198
04/04/2016-09:58:22.707,6863,221.8925,-217.1667,2431.232,182.724,55.25094,2359.315,148.2905,429.8988,2220.214,144.0217,321.3714,2268.671,-24.68789,259.4987,2268.292,-179.8545,93.40476,2220.734,-196.5844,-82.97884,2110.471,-183.0208,-148.8184,2045.276,332.2512,279.7207,2337.581,445.6833,119.387,2515.764,514.7694,-106.4286,2431.432,526.0856,-122.8583,2421.947,136.8557,-222.3342,2387.846,-40.31401,-276.8572,2050.035,-41.46692,-621.6979,2039.741,-114.2864,-661.1361,1968.006,300.9839,-205.9225,2403.698,190.5739,-315.4654,2025.505,249.6197,-657.8921,2007.132,306.0156,-656.8842,1889.808,153.6074,255.5824,2293.265,-179.8591,-188.4194,1968.913,-125.5205,-175.3757,2031.296,559.8259,-167.1253,2428.138,460.0494,-153.6056,2337.995
04/04/2016-09:58:22.766,6923,222.4118,-218.5877,2424.214,184.245,52.6853,2349.171,156.7859,426.0222,2208.128,147.1972,319.5965,2259.041,-18.22865,257.0496,2252.188,-181.2163,92.44998,2202.768,-195.5212,-91.35896,2099.327,-184.0652,-149.0381,2043.062,334.3056,275.8,2328.997,444.0725,112.6383,2508.794,514.2744,-106.904,2430.509,525.7087,-123.744,2420.757,137.6564,-223.9902,2380.077,-43.21822,-280.3477,2046.967,-43.05222,-624.8771,2037.262,-126.4887,-658.0822,1966.753,301.0814,-206.9433,2399.041,191.3385,-314.8104,2025.271,249.7923,-657.5171,2006.885,305.9666,-657.1777,1889.468,156.3267,253.7045,2283.735,-180.7457,-188.5086,1968.188,-127.3348,-176.6019,2027.37,556.5834,-172.5897,2425.786,459.664,-156.8405,2325.748
04/04/2016-09:58:22.805,6962,222.8976,-219.7911,2419.1,185.5875,51.09419,2344.219,164.1497,424.1637,2200.073,149.512,317.8712,2256.224,-13.15735,256.2271,2243.387,-181.6848,92.61612,2188.519,-195.1261,-95.49775,2090.844,-185.1032,-147.6421,2040.711,337.8936,272.9796,2322.988,445.5344,108.9425,2503.489,514.3954,-107.9144,2429.854,525.938,-125.6159,2418.645,138.3951,-225.276,2374.84,-45.40112,-279.8647,2044.381,-43.96884,-625.8159,2036.037,-136.0184,-656.2309,1966.773,301.2132,-207.9395,2395.062,192.3833,-314.0457,2024.825,249.9661,-657.1334,2006.636,305.7751,-657.5332,1888.999,158.3587,252.2197,2280.573,-180.7456,-188.5968,1966.827,-133.4209,-178.6435,2016.497,553.9937,-178.6829,2423.722,472.7935,-159.2269,2325.63
04/04/2016-09:58:22.836,6993,223.213,-220.5416,2415.909,186.646,50.06361,2342.578,170.8986,422.6996,2193.335,152.044,314.1987,2255.968,-8.236692,256.0111,2235.937,-181.5123,93.3947,2178.357,-195.0555,-96.42207,2086.268,-185.8165,-145.7668,2039.08,342.3788,271.1252,2319.07,448.5844,106.8191,2499.196,515.3,-109.5541,2428.795,496.3057,-161.8446,2378.603,138.8267,-225.9635,2371.724,-46.91972,-277.1218,2042.226,-44.74488,-624.8336,2035.196,-141.1007,-656.8427,1967.303,301.3114,-208.6721,2392.214,193.7483,-313.3563,2024.16,250.1375,-656.8516,2006.413,305.5493,-657.8275,1888.475,160.3867,249.642,2280.222,-180.1763,-188.6508,1965.661,-137.6224,-183.212,1996.959,497.9563,-228.0399,2336.281,450.3274,-160.6964,2322.671
04/04/2016-09:58:22.876,7033,223.3768,-220.7937,2414.788,187.4257,49.512,2342.615,178.1979,420.836,2184.863,155.358,309.51,2253.07,-4.116362,255.8528,2229.071,-180.9071,94.275,2173.456,-195.1749,-95.48928,2085.113,-186.264,-144.034,2038.637,346.3153,270.3166,2316.372,451.9046,103.8777,2493.681,515.996,-110.565,2427.831,477.5636,-183.5618,2351.559,139.0064,-226.1268,2370.735,-48.22784,-264.732,2039.34,-35.92513,-608.6868,2050.157,-120.7004,-649.9577,1973.318,301.4557,-208.9495,2391.048,195.3524,-312.7431,2023.352,250.2911,-656.6421,2006.231,305.3684,-658.0452,1888.037,162.9279,246.4135,2278.572,-179.656,-188.7159,1965.092,-148.1891,-173.0379,2006.514,455.2308,-261.4636,2265.199,422.6132,-158.4792,2310.476
04/04/2016-09:58:22.906,7063,227.8884,-217.6323,2418.973,189.8438,50.64902,2341.603,184.7497,418.7942,2174.768,161.3287,313.6244,2235.914,-1.363861,255.4154,2222.976,-180.0944,94.98698,2172.321,-195.3449,-94.34898,2085.78,-186.5243,-142.9546,2039.002,349.6702,269.9649,2313.041,453.7066,101.1185,2488.363,516.3843,-111.0949,2427.017,466.0544,-196.5431,2335.961,141.7699,-224.158,2373.127,-46.63743,-256.4422,2041.161,-33.48016,-600.8708,2054.587,-104.3986,-656.4372,1978.965,307.793,-204.5414,2396.994,197.1125,-312.2061,2022.432,250.4736,-656.4598,2006.05,305.2412,-658.2307,1887.64,168.2294,248.7652,2267.673,-179.2939,-188.798,1965.014,-154.5008,-161.605,2027.237,430.3152,-275.6754,2229.424,399.1323,-152.1216,2294.887
04/04/2016-09:58:22.967,7124,231.6537,-214.5874,2422.959,193.1619,51.81228,2338.76,195.6217,414.4024,2158.443,166.9671,311.649,2217.584,5.380035,251.6356,2203.334,-178.9804,96.01498,2169.351,-195.4096,-93.85648,2085.794,-186.6902,-142.3201,2039.425,354.4876,269.3778,2303.311,454.3339,93.58363,2473.713,516.5106,-111.228,2426.396,465.5286,-196.1413,2336.008,144.3758,-222.0585,2375.662,-44.50468,-251.8444,2043.007,-32.23619,-596.2607,2056.808,-94.85593,-658.4238,1980.546,312.5899,-200.6581,2402.247,199.6757,-311.3089,2021.121,250.6791,-656.1694,2005.886,305.1419,-658.4292,1887.355,173.9122,247.8113,2253.131,-179.1307,-188.9019,1965.247,-157.0317,-155.7573,2038.776,434.8455,-263.2667,2244.592,391.163,-149.9545,2288.47
04/04/2016-09:58:23.002,7159,234.5717,-212.2819,2425.769,199.9968,52.2603,2330.247,202.7809,411.0005,2147.517,175.0203,307.0067,2195.02,9.574533,248.9464,2190.577,-178.1423,96.6198,2162.678,-195.3293,-94.55556,2084.086,-186.7959,-142.1247,2039.668,358.2452,268.3144,2294.134,454.1849,89.91314,2465.738,516.5516,-111.1246,2425.926,471.9845,-185.791,2346.226,146.7837,-220.2908,2377.53,-41.74406,-251.4202,2045.189,-33.63961,-597.4664,2054.514,-95.6287,-660.6394,1978.264,315.9288,-197.9272,2405.868,203.1076,-310.625,2019.349,251.0095,-655.9476,2005.726,305.0369,-658.612,1886.979,182.5126,244.2701,2231.88,-178.9247,-189.0786,1965.893,-156.5676,-154.6233,2045.441,458.1444,-243.7404,2277.427,402.0821,-149.9431,2291.425
04/04/2016-09:58:23.037,7194,236.6445,-210.3734,2427.514,204.3757,52.09084,2324.61,208.0625,408.0769,2139.589,178.66,302.7234,2185.125,12.71236,246.9043,2181.378,-177.525,96.6109,2153.917,-195.3089,-96.13786,2081.184,-186.9581,-141.9499,2039.83,361.2933,266.922,2285.768,453.8576,88.03394,2460.642,516.6217,-110.9931,2425.541,478.1901,-177.1629,2355.712,149.6135,-218.1163,2379.831,-36.75977,-255.1437,2048.443,-34.72344,-601.6138,2052.548,-99.24965,-661.5313,1975.901,317.5938,-196.2215,2407.54,206.8686,-309.9427,2017.347,251.505,-655.6805,2005.538,304.8436,-658.8622,1886.43,186.4762,241.425,2221.983,-178.686,-189.2768,1966.51,-191.297,-162.6798,2034.154,474.0515,-230.9373,2301.964,415.0832,-151.3726,2298.31
04/04/2016-09:58:23.070,7227,237.7679,-209.4836,2428.038,208.7712,50.76043,2318.701,211.5655,405.2503,2133.716,181.6037,297.8794,2179.254,13.85227,246.1246,2178.132,-176.9074,96.0315,2144.897,-195.4167,-98.16837,2077.951,-187.2125,-141.6904,2039.828,362.5505,266.1551,2282.208,453.7372,87.79346,2459.215,516.7706,-110.9179,2425.177,481.5987,-172.4888,2360.841,152.0025,-216.8867,2381.208,-32.71714,-258.1705,2050.152,-34.36269,-605.2875,2052.561,-103.2635,-658.6801,1973.207,317.8782,-195.7211,2407.604,210.9894,-307.6782,2014.579,252.1028,-654.3781,2005.206,304.4828,-659.5837,1885.986,189.491,237.7772,2215.521,-178.7168,-189.4969,1967.951,-183.1279,-163.5388,2031.402,471.4515,-234.4552,2295.619,423.8581,-152.9681,2303.66
04/04/2016-09:58:23.102,7259,238.3721,-209.1626,2427.971,211.9613,48.64568,2313.34,214.9238,401.8229,2127.127,183.6513,294.0625,2175.794,13.88476,246.1095,2178.269,-176.354,95.67647,2138.943,-195.3829,-99.60408,2075.198,-187.5478,-141.3726,2040.245,363.8752,264.5863,2279.643,453.8361,88.58842,2459.727,516.9704,-110.8851,2424.794,508.2572,-151.2458,2392.126,153.6179,-216.3525,2381.651,-29.8301,-260.1546,2050.46,-33.18744,-607.3453,2053.831,-104.844,-655.74,1971.687,317.6838,-195.7326,2407.069,214.3385,-305.2544,2012.115,252.9706,-652.493,2004.721,303.9964,-660.7271,1885.47,191.2902,234.4998,2211.861,-178.59,-189.7654,1969.287,-169.5864,-161.1997,2034.251,514.9842,-213.3476,2378.2,458.5046,-159.6012,2324.719
04/04/2016-09:58:23.137,7294,239.1077,-208.7009,2428.044,213.935,47.21878,2309.555,220.3671,397.5403,2115.218,187.2374,291.4178,2167.417,17.55086,243.5338,2163.512,-175.7034,95.21111,2134.606,-195.2204,-100.8732,2072.965,-187.805,-141.1176,2040.498,365.8032,262.6719,2276.585,454.1604,89.68214,2460.143,517.1982,-110.8787,2424.394,526.7772,-135.8389,2410.723,154.693,-216.0676,2381.686,-27.60046,-260.8128,2049.539,-31.72354,-607.8173,2055.743,-136.1698,-645.6707,1975.687,318.1301,-195.0506,2407.224,217.7603,-302.7205,2009.636,254.1113,-650.3904,2004.099,303.334,-662.3204,1884.777,193.7413,232.1004,2206.178,-178.7767,-189.9385,1970.438,-192.1034,-165.757,2037.489,549.6503,-191.2115,2424.178,476.3213,-162.3834,2333.878
04/04/2016-09:58:23.171,7327,239.842,-208.2143,2428.26,215.3738,46.27897,2305.438,225.9412,393.8857,2102.355,191.1599,289.7284,2154.116,20.2567,241.648,2152.081,-174.978,94.77971,2131.245,-194.9521,-101.9257,2071.161,-187.9347,-141.005,2040.672,367.8221,260.8683,2273.194,454.8488,90.80126,2459.54,517.5687,-111.0199,2423.89,536.5389,-128.0949,2420.283,155.3091,-215.9605,2381.49,-25.71608,-261.1881,2047.583,-30.73815,-607.7018,2056.947,-126.0018,-646.4922,1973.485,318.8322,-194.1207,2407.779,220.9209,-300.1183,2007.271,255.5452,-647.8957,2003.375,302.4427,-664.2556,1884.064,196.8799,230.2511,2195.697,-178.9194,-190.0564,1971.151,-176.073,-163.2432,2049.143,574.0485,-177.1726,2459.441,486.0709,-164.1595,2338.602
04/04/2016-09:58:23.204,7361,240.6192,-207.4578,2428.454,216.7833,46.44268,2300.386,230.5801,391.9372,2091.742,194.1684,289.5614,2142.872,22.49403,240.4955,2141.239,-174.1707,94.34106,2127.628,-194.5792,-102.9077,2069.656,-188.0093,-141.2566,2040.646,369.6377,259.4115,2269.558,455.5642,91.77974,2458.073,517.8964,-111.0785,2423.354,538.5496,-126.9564,2419.878,155.8212,-215.6556,2381.151,-23.73665,-261.9786,2045.073,-30.05177,-607.87,2057.584,-113.7661,-647.8778,1971.277,319.6216,-192.8886,2408.351,223.3467,-298.4299,2005.623,256.8651,-646.0455,2002.79,301.6829,-665.8421,1883.403,199.7185,229.9171,2185.42,-178.9587,-190.2394,1972.285,-167.7663,-164.1214,2053.292,576.3932,-171.8082,2448.51,487.129,-164.1848,2337.02
04/04/2016-09:58:23.242,7398,241.5215,-205.9198,2428.115,218.5788,48.39378,2292.836,234.5302,392.365,2081.621,196.4658,291.347,2132.186,23.6454,240.6833,2133.835,-172.9419,94.55619,2122.405,-194.1512,-103.5174,2067.906,-188.0331,-141.425,2040.468,371.4393,258.5562,2265.319,458.0277,95.73879,2455.825,518.2527,-111.2099,2422.769,533.5566,-130.8074,2413.001,156.7296,-214.4747,2380.237,-21.55495,-263.2659,2042.446,-29.24398,-608.6296,2057.978,-101.0138,-649.9312,1969.372,320.2679,-191.0291,2408.333,225.6344,-297.2002,2004.297,258.0459,-644.6519,2002.265,301.3343,-666.8353,1882.957,202.2269,231.6635,2174.55,-178.9808,-190.2879,1972.622,-193.5104,-170.0044,2041.68,562.9124,-176.8267,2422.04,482.1294,-162.4578,2333.055
04/04/2016-09:58:23.272,7428,242.3728,-203.4782,2426.332,220.1694,51.23237,2284.713,236.8191,394.2983,2074.241,197.6279,294.1071,2125.351,23.53947,243.153,2127.538,-171.0703,95.73595,2115.692,-193.7604,-103.6884,2066.458,-187.9444,-141.5944,2040.096,373.2567,259.7173,2257.565,459.8051,102.1305,2451.142,518.5911,-111.4086,2422.074,528.8362,-135.2905,2406.56,158.3582,-211.7995,2377.333,-19.00107,-263.9195,2039.78,-28.81617,-609.0989,2058.015,-92.57938,-651.584,1968.086,320.3659,-188.7375,2407.041,228.6012,-295.9585,2003.048,258.8626,-643.6185,2001.862,301.213,-667.4111,1882.734,203.6877,234.4148,2166.829,-178.9105,-190.3149,1972.796,-217.7056,-171.2062,2039.02,550.6545,-185.583,2406.531,478.0558,-160.6345,2328.66
04/04/2016-09:58:23.332,7489,245.0479,-190.0184,2420.954,221.7253,64.42488,2269.737,240.3136,406.1146,2052.221,196.0363,310.6856,2104.575,21.30968,257.0048,2105.826,-168.239,97.49978,2104.861,-193.1132,-103.7258,2064.934,-187.8514,-141.6856,2039.845,372.8871,267.8907,2243.083,457.9012,113.7074,2439.555,518.8688,-111.6306,2421.351,526.0936,-137.7906,2403.211,162.9962,-198.2027,2370.289,-14.03582,-261.3849,2033.841,-28.17777,-608.0469,2057.793,-129.1231,-642.6258,1980.377,320.7512,-176.4566,2402.954,233.9953,-294.9184,2001.957,259.8604,-642.9409,2001.386,301.3463,-667.8517,1882.409,202.9321,250.2938,2147.704,-179.3489,-190.2664,1973.689,-191.9699,-172.4044,2028.563,545.0524,-190.8045,2399.608,475.8061,-159.9789,2326.906
04/04/2016-09:58:23.369,7526,248.1663,-181.0264,2412.268,221.2404,75.01515,2257.997,242.1879,414.2774,2039.179,188.2618,331.4593,2087.519,19.67977,266.2638,2091.363,-165.3577,99.883,2095.541,-192.2143,-103.1877,2063.42,-187.7495,-141.6421,2039.602,370.7165,278.4005,2231.161,453.4009,123.5941,2428.555,519.0696,-111.8276,2420.746,525.9965,-137.8488,2403.096,169.5678,-189.0649,2358.961,-8.99284,-258.9017,2026.817,-27.71428,-606.5713,2057.112,-165.9118,-632.9366,2006.828,320.9509,-167.9541,2395.833,241.4248,-293.73,2001.057,261.2336,-642.2479,2000.811,301.661,-668.3162,1882.014,197.5815,267.3865,2132.85,-180.1279,-190.2952,1976.15,-161.7811,-171.8023,2029.934,551.3538,-187.3175,2407.182,475.7185,-159.8781,2326.9
04/04/2016-09:58:23.435,7592,206.6164,-169.6989,2397.635,194.5339,95.71527,2241.979,244.1346,428.1253,2026.075,178.5981,355.2134,2073.469,17.30236,280.1233,2071.399,-162.5511,102.224,2085.364,-190.9328,-102.3325,2061.442,-187.5219,-141.5881,2039.168,367.9376,286.4304,2224.396,444.8834,132.3273,2422.987,519.1893,-111.9758,2420.28,527.5475,-136.2663,2404.908,132.2017,-174.3637,2342.365,-2.117176,-268.9108,1998.749,-32.28298,-613.6802,2038.885,-189.9456,-639.5086,2004.031,275.7802,-160.3715,2383.45,250.8028,-292.4823,2000.871,268.5406,-640.6632,1999.26,301.6096,-669.7017,1880.285,184.2939,291.0591,2118.485,-180.9544,-190.4697,1979.708,-175.1765,-164.9085,2031.784,561.4993,-182.4923,2420.43,477.3746,-160.8605,2328.475
04/04/2016-09:58:23.532,7689,162.2746,-152.429,2385.357,163.6093,116.1162,2233.413,243.2566,453.9249,2015.918,163.6384,376.2565,2068.885,10.54209,302.2031,2042.869,-159.3182,105.2818,2060.462,-187.1318,-100.4598,2054.137,-186.5308,-141.4559,2037.505,345.5956,308.5959,2221.263,424.7996,144.8774,2412.409,519.1212,-111.8726,2419.741,528.8181,-134.7028,2406.299,91.04265,-156.038,2328.302,14.60998,-284.5513,1975.253,-35.49123,-623.6163,2020.793,-74.77201,-677.2692,1944.11,228.8238,-144.4208,2373.399,265.6087,-287.031,2004.632,281.1121,-635.1049,1998.147,302.3022,-670.5539,1879.206,163.9568,313.1751,2112.781,-178.3506,-190.8312,1987.844,-166.3555,-156.0427,2037.935,567.3627,-179.2143,2426.286,478.3835,-161.6261,2329.365
04/04/2016-09:58:23.568,7725,149.4882,-148.9712,2349.949,147.6017,125.7807,2225.935,241.6166,470.2571,2012.735,154.8858,386.1864,2068.79,4.420829,322.9977,2021.056,-157.4788,107.9135,2044.848,-183.9827,-97.88591,2047.448,-185.651,-141.8411,2035.451,325.214,324.077,2222.398,409.9605,150.6091,2406.928,519.2934,-110.1977,2419.169,524.0795,-135.3484,2402.212,81.01736,-153.6224,2289.864,17.96984,-307.9746,1939.764,-45.85094,-644.0032,1984.134,22.99018,-715.4713,1865.769,212.9271,-139.7378,2342.224,282.0294,-297.3664,1994.909,295.7901,-644.9468,1980.136,323.0295,-673.0429,1859.016,153.4897,323.0063,2111.037,-177.2955,-191.1388,1993.827,-166.708,-158.9075,2040.695,543.3152,-209.4155,2388.744,473.0648,-171.1189,2321.605
04/04/2016-09:58:23.633,7790,162.3475,-150.9131,2328.064,146.2651,128.4843,2218.994,239.5724,480.6747,2013.134,149.0182,390.491,2070.32,-1.050638,335.8472,2008.571,-157.0796,108.5933,2032.753,-182.0956,-96.54561,2042.015,-185.0522,-141.0209,2031.142,300.2659,333.1726,2229.009,396.1236,153.1813,2405.117,518.2011,-105.4293,2418.035,510.4552,-137.5887,2393.781,96.73006,-158.0031,2266.136,19.73307,-318.5348,1925.418,-50.07185,-653.3358,1967.359,81.83231,-735.0179,1824.455,223.4504,-139.2122,2322.57,290.8362,-308.5688,1990.519,305.3861,-657.467,1966.142,349.232,-660.6584,1842.594,148.0041,326.7041,2111.432,-176.0288,-191.0365,1996.329,-196.6198,-160.1958,2029.177,501.861,-233.0624,2320.538,440.0084,-159.6352,2311.572
04/04/2016-09:58:26.563,10720,46.32234,-180.2058,2298.714,-16.27227,102.257,2273.813,7.39833,478.4397,2208.45,-65.24576,371.8395,2220.608,-194.3047,303.059,2097.185,-292.073,83.77599,2031.22,-170.1202,-103.3321,2002.365,-123.8412,-153.3002,1989.905,75.5498,279.35,2348.464,225.5325,104.1749,2438.171,412.2438,-55.79622,2427.551,418.7576,-80.34506,2414.149,-13.56212,-185.8762,2224.17,12.93452,-258.121,1872.429,-67.30293,-624.715,1979.024,21.83481,-708.0342,1857.03,105.2597,-169.1277,2305.259,241.4261,-377.802,2032.029,365.0417,-684.7675,1964.672,422.4151,-614.4789,1885.431,-53.58116,305.5452,2237.177,-81.33481,-216.6667,1954.042,-112.5451,-125.981,2000.107,427.7768,-147.411,2340.774,406.2988,-107.3853,2358.327
04/04/2016-09:58:26.601,10758,-164.2292,-206.8717,2261.514,-259.5427,87.12781,2265.35,-309.2341,495.087,2282.51,-349.0111,373.1489,2255.92,-424.7819,259.7842,2097.75,-421.0946,51.70483,1981.872,-222.1765,-134.188,1961.16,-140.8568,-172.7807,1962.007,-234.9375,257.3671,2383.902,-68.7007,58.96212,2308.998,134.7291,-59.96085,2366.507,210.1675,-95.55257,2336.335,-225.8114,-208.7535,2173.843,12.21459,-146.647,1926.4,-46.73155,-590.3702,1987.078,-73.451,-669.3527,1920.509,-97.25851,-198.8459,2280.59,250.6103,-464.8413,2111.492,299.593,-662.2521,1986.611,390.8579,-598.5435,1938.759,-327.3267,302.4186,2260.763,-80.63073,-263.4955,1943.476,-98.90343,-125.8271,1955.248,222.3387,-105.1666,2308.233,227.8324,-101.4715,2316.232
04/04/2016-09:58:26.667,10824,-350.5757,-198.3994,2211.42,-425.6868,91.37788,2234.489,-494.9637,508.1881,2293.841,-513.9866,379.5061,2247.398,-547.0916,231.6101,2079.22,-480.2142,12.99298,1941.686,-265.6753,-147.7162,1922.365,-182.5723,-170.9049,1952.201,-414.2432,251.8413,2385.299,-250.9064,35.24359,2206.324,-53.37316,-73.46988,2320.394,73.2057,-118.7445,2276.923,-409.9662,-195.362,2100.007,-1.303766,-101.8452,1983.573,-53.63727,-583.6772,2002.303,-121.9742,-655.6875,1949.461,-280.4377,-195.4749,2254.028,177.2195,-361.8698,2098.056,117.3902,-550.7249,1890.74,209.2168,-563.5821,1930.266,-489.7039,306.5442,2248.43,-109.0003,-284.4801,1934.669,-116.0406,-120.1197,1942.146,94.9419,-87.43531,2300.522,96.97095,-116.1442,2266.867
04/04/2016-09:58:26.702,10859,-421.6382,-174.9541,2215.216,-461.3486,107.0755,2205.968,-505.4265,516.3975,2241.429,-522.353,389.2773,2198.435,-538.583,229.7977,2042.976,-462.8084,-3.024605,1921.121,-285.6572,-157.9292,1931.328,-215.215,-173.2628,1953.834,-434.438,286.0984,2374.985,-289.1774,58.73003,2174.925,-114.9145,-115.2406,2215.836,-45.56489,-195.546,2183.436,-475.3155,-174.7153,2091.847,-15.78714,-112.8168,2024.42,-62.05012,-597.5904,2005.181,-105.8675,-666.2701,1937.855,-355.6278,-169.7479,2270.52,132.2864,-247.0364,2058.701,-33.876,-503.3507,1940.319,23.25427,-602.0876,1984.929,-502.8517,316.7569,2204.656,-154.5776,-290.9516,1949.013,-163.8069,-140.8559,1949.511,-22.50721,-155.7488,2231.225,-37.1696,-190.4648,2166.097
04/04/2016-09:58:26.738,10894,-379.5947,-153.2842,2236.053,-391.8912,121.7791,2194.801,-393.6634,515.9961,2183.534,-422.3762,394.6631,2155.993,-448.0366,246.1172,2019.418,-405.3105,1.94543,1925.707,-278.5087,-155.1426,1956.725,-236.9052,-171.404,1961.703,-336.3371,319.4586,2359.634,-206.7864,92.94044,2206.065,-51.83579,-142.5723,2161.454,7.244287,-203.6773,2149.448,-428.8227,-157.5704,2111.975,-22.79558,-148.8221,2031.608,-71.84824,-617.3915,2000.876,-54.13786,-687.8417,1899.701,-319.513,-144.0664,2292.863,155.9347,-130.5746,2178.665,-62.08176,-509.6057,2027.109,-11.33495,-652.663,1990.034,-410.118,324.3641,2169.488,-183.1541,-281.5467,1961.084,-201.0463,-158.6254,1966.077,29.30906,-204.6501,2187.987,-3.462827,-224.7274,2070.403
04/04/2016-09:58:26.769,10925,-286.2836,-147.8401,2272.364,-302.4931,125.7463,2212.565,-281.1728,509.9314,2169.072,-323.3374,392.863,2151.677,-368.3317,262.0653,2023.715,-364.0376,14.90532,1941.638,-245.6058,-138.7334,1983.804,-222.2466,-162.2164,1975.315,-234.167,332.7623,2361.014,-106.5972,114.342,2264.732,46.0174,-145.9773,2156.309,75.33209,-214.219,2176.454,-335.9198,-157.2648,2153.583,-18.87878,-176.3165,2012.042,-77.98586,-630.4604,1995.526,16.18439,-697.9055,1894.528,-228.2116,-133.5287,2323.953,197.4311,-98.45393,2286.483,0.1087767,-553.735,2104.617,-44.60482,-667.039,1974.258,-315.0945,324.7868,2168.889,-162.6492,-221.9774,1977.293,-211.7888,-143.6326,1986.025,95.20865,-255.4033,2188.695,57.04391,-257.2686,2052.04
04/04/2016-09:58:26.808,10965,-229.0745,-155.0817,2292.156,-268.9181,118.8174,2239.157,-253.9951,504.2551,2199.247,-301.0911,387.1087,2179.702,-357.5862,264.7879,2045.988,-367.0833,26.21604,1956.584,-221.3952,-125.0615,1995.676,-198.693,-155.2905,1982.557,-201.4856,312.0624,2367.218,-64.12215,101.1135,2291.45,99.83997,-141.8207,2178.823,148.7008,-188.3573,2175.701,-281.8199,-167.0186,2178.629,-13.56898,-164.4458,1987.139,-73.8272,-617.7017,1989.746,10.18522,-693.6034,1896.55,-169.4365,-138.7262,2338.363,233.1935,-136.8752,2358.976,86.12571,-594.4958,2135.032,-17.0836,-654.2696,1955.162,-292.1615,319.8682,2195.261,-116.4422,-177.3185,1990.164,-197.9929,-116.8154,2000.2,160.6751,-274.439,2154.369,124.9856,-241.2938,2055.202
04/04/2016-09:58:26.865,11022,-238.7223,-171.0993,2291.81,-299.4619,108.8313,2257.294,-307.5898,502.6042,2240.252,-350.1688,382.3626,2211.875,-404.2216,255.1204,2066.328,-400.7329,28.14908,1958.893,-213.8899,-118.3367,1988.62,-178.7729,-151.3765,1983.902,-242.6541,283.6137,2372.805,-109.8385,49.62126,2340.119,87.39719,-131.388,2244.809,184.9692,-160.7314,2242.353,-297.0046,-181.4991,2180.996,-10.85435,-133.9578,1979.493,-69.2842,-603.2784,1988.811,-28.86559,-680.7872,1913.885,-172.3123,-156.2576,2335.375,243.0637,-191.4436,2364.607,124.7509,-598.3761,2113.473,116.3478,-611.373,1971.72,-338.0325,314.6653,2223.723,-85.32537,-158.5845,1993.876,-181.056,-93.87811,1999.473,187.9283,-283.7439,2220.451,174.2734,-196.0313,2173.479
04/04/2016-09:58:27.841,11998,-314.6932,-185.9903,2243.499,-359.9658,98.91268,2245.253,-363.8256,501.6082,2255.314,-398.7453,376.5201,2228.341,-457.031,242.517,2075.028,-436.2563,10.80706,1966.868,-239.6357,-122.0242,1959.392,-191.3027,-152.9463,1975.328,-279.6597,250.337,2360.001,-180.3928,45.00212,2401.396,22.64673,-102.5144,2315.387,125.0124,-119.7713,2279.139,-377.0427,-185.5936,2138.944,-25.4733,-153.4689,1981.194,-67.59879,-598.6639,1991.027,-63.07603,-674.7104,1920.721,-241.2479,-182.2824,2279.838,191.0963,-211.8342,2261.9,89.59216,-598.8254,2060.454,70.2062,-595.36,1976.989,-393.2032,308.0427,2233.283,-110.4418,-178.629,1975.307,-166.3138,-106.4247,1977.456,128.9231,-184.7949,2234.013,101.1555,-126.4467,2235.476
04/04/2016-09:58:27.868,12025,-376.8924,-189.1364,2202.5,-394.5142,96.58221,2225.184,-380.1989,501.9097,2239.916,-413.7201,373.3372,2219.732,-473.6569,237.2979,2068.593,-444.9683,-7.068494,1970.862,-244.3573,-125.0738,1959.934,-194.8466,-153.7495,1972.375,-287.4133,241.0657,2344.571,-217.7664,63.02299,2437.417,-21.04532,-89.62989,2344.837,58.40499,-103.5908,2286.792,-439.5851,-180.2074,2102.332,-34.16411,-155.0811,1987.68,-69.75762,-604.1329,1993.909,-74.82497,-678.8865,1911.379,-301.4967,-193.994,2233.546,121.8976,-199.432,2147.639,11.15117,-599.1392,2004.527,-25.05557,-614.1269,1960.612,-412.3024,305.9833,2222.724,-108.5337,-210.2977,1965.25,-152.8592,-113.2327,1968.346,68.49986,-111.6177,2230.183,16.11414,-91.84435,2252.447
04/04/2016-09:58:27.934,12090,-382.8069,-184.2135,2199.66,-383.5104,99.66344,2211.316,-349.7711,501.5376,2213.783,-387.1426,372.847,2202.787,-452.122,242.9098,2059.403,-438.7277,18.74207,1971.647,-224.2862,-112.8322,1977.256,-171.1838,-147.2642,1978.177,-259.8313,249.6012,2333.936,-192.7401,47.90253,2451.78,-13.67703,-126.8359,2329.542,24.03703,-185.3432,2306.452,-445.5302,-176.7314,2113.904,-41.86961,-188.7907,1994.382,-70.72997,-613.5213,1997.198,-61.18929,-686.7203,1896.313,-308.0293,-188.7104,2221.666,147.9844,-177.5522,2157.981,7.701926,-590.1807,2035.84,10.13936,-656.5601,1977.74,-388.1527,306.7346,2207.477,-100.7977,-221.8425,1960.416,-113.5233,-122.1927,1962.819,40.39979,-160.347,2242.285,-33.00598,-172.8026,2255.087
04/04/2016-09:58:27.972,12129,-347.351,-178.026,2221.178,-349.0416,103.3457,2212.681,-309.5162,500.6272,2199.298,-353.8613,373.4063,2192.605,-423.7008,251.2389,2055.206,-425.4436,48.1426,1971.283,-200.9802,-102.9251,1995.873,-141.7146,-145.3006,1985.096,-229.6623,261.282,2332.046,-156.4953,81.02878,2443.9,5.510968,-122.9538,2306.057,33.10191,-174.9701,2296.231,-410.0278,-176.3295,2144.304,-43.73066,-205.2257,1996.05,-71.53911,-619.8924,1998.82,-43.56225,-691.5533,1888.882,-274.0924,-177.0955,2238.175,202.7632,-168.0042,2225.591,50.17887,-586.2304,2092.943,98.79996,-682.503,2018.309,-351.7976,308.1751,2200.521,-79.14059,-216.2836,1962.578,-90.66948,-122.2769,1965.917,67.70501,-157.4704,2225.843,-7.170096,-177.8032,2208.151
04/04/2016-09:58:28.005,12161,-306.1005,-175.6123,2250.934,-323.6325,105.0999,2221.279,-289.5121,499.8374,2202.174,-334.8478,374.1674,2192.549,-406.0718,257.2595,2056.027,-417.312,67.32542,1970.611,-185.277,-96.25593,2007.437,-123.704,-143.4509,1989.772,-213.416,268.5515,2336.282,-122.9789,99.09866,2481.295,56.41653,-74.98176,2328.028,97.13028,-122.9189,2335.762,-372.7793,-179.3095,2172.883,-40.66239,-209.8869,1993.509,-70.44629,-621.0625,1999.54,-29.79627,-691.1054,1892.044,-232.8419,-168.1004,2266.619,256.3154,-177.9075,2299.843,105.3521,-585.3257,2136.937,171.7116,-691.7092,2065.758,-330.2321,309.0642,2202.198,-63.72186,-206.4957,1967.22,-78.02675,-118.3294,1970.251,144.5157,-166.1261,2252.778,37.19503,-157.9398,2207.253
04/04/2016-09:58:28.035,12192,-286.8797,-176.5874,2267.925,-319.7281,103.9419,2233.509,-301.5871,499.7141,2217.998,-344.9114,374.6347,2203.939,-414.5433,258.1292,2063.601,-420.9477,71.01848,1969.464,-186.8729,-98.07277,2001.448,-118.0129,-145.1339,1990.702,-225.5075,265.172,2344.43,-136.0839,102.4019,2455.07,52.5783,-48.72137,2301.593,111.6432,-91.23435,2300.253,-356.0039,-183.0815,2185.911,-36.52029,-203.0205,1990.003,-68.4024,-617.9771,1999.631,-28.39555,-686.8982,1901.425,-211.9307,-165.3611,2284.695,279.5196,-193.1641,2336.424,131.2204,-585.567,2141.67,198.3863,-679.3142,2090.956,-338.6858,308.6313,2213.462,-55.15086,-197.6659,1970.984,-79.52441,-112.3382,1972.851,166.1973,-149.8914,2232.582,72.06647,-129.8136,2179.465
04/04/2016-09:58:28.074,12231,-302.4958,-180.3316,2262.996,-334.6786,101.7845,2238.957,-321.9535,500.0312,2229.411,-361.1373,374.8182,2212.211,-429.4005,256.4474,2068.836,-429.8311,60.3828,1969.174,-198.0475,-104.0949,1989.397,-130.0062,-148.8757,1986.321,-241.4438,259.3972,2348.63,-166.2048,96.70149,2433.785,20.82341,-12.54082,2375.053,101.5669,-38.95522,2345.19,-371.8483,-184.6563,2174.973,-34.14853,-194.9103,1987.96,-66.71628,-614.3319,1999.556,-33.34886,-683.0145,1909.313,-225.6256,-170.706,2282.476,258.5091,-203.6046,2308.34,116.3517,-586.3375,2114.942,163.8468,-663.1618,2072.943,-356.1352,308.0049,2220.796,-62.78194,-203.4496,1972.595,-90.21442,-110.7857,1970.629,158.1329,-114.968,2306.381,101.644,-94.55929,2263.802
04/04/2016-09:58:28.105,12262,-325.4183,-181.4821,2249.986,-348.7648,100.7977,2239.155,-337.0118,500.4269,2234.294,-373.9056,374.9891,2216.495,-441.056,254.5991,2071.512,-436.2758,49.72791,1969.456,-207.3106,-108.7368,1980.713,-141.725,-151.3861,1983.428,-253.7435,255.756,2350.776,-175.4418,46.88778,2424.364,22.18261,18.4412,2419.387,96.02588,-31.34186,2375.448,-392.3372,-182.5316,2158.681,-33.41136,-189.7168,1987.314,-65.86377,-612.0681,1999.513,-39.90714,-680.8771,1912.533,-247.8214,-174.3244,2272.597,225.9456,-201.2797,2261.204,81.10593,-587.0615,2083.943,98.57998,-648.503,2015.878,-370.1138,307.7143,2224.097,-75.41851,-218.0611,1977.116,-98.41109,-111.3291,1968.079,163.9509,-88.77859,2365.972,104.4726,-78.80972,2342.946
04/04/2016-09:58:28.136,12293,-341.2026,-181.3555,2239.904,-356.4136,101.6058,2236.062,-335.863,500.9118,2229.154,-374.6639,376.9394,2213.58,-443.2382,255.5453,2070.289,-439.524,42.95953,1969.922,-269.0263,-117.9393,1964.246,-215.0532,-149.8423,1980.46,-255.7348,257.7893,2350.552,-152.1526,18.49628,2425.399,46.48741,9.15009,2436.612,105.7199,-55.2243,2393.742,-406.1005,-179.8707,2147.427,-33.87593,-188.4788,1987.715,-65.66846,-611.508,1999.563,-43.84683,-681.0321,1910.869,-263.6993,-176.1728,2264.04,206.8109,-194.8755,2232.028,57.81023,-587.3395,2069.281,80.9389,-650.6136,1969.789,-372.2655,309.5435,2221.123,-157.0673,-215.7885,1963.09,-163.4324,-109.4081,1977.936,183.8821,-96.38676,2392.407,102.864,-95.9853,2381.391
04/04/2016-09:58:28.171,12328,-338.7774,-176.968,2239.558,-352.6457,105.097,2232.725,-324.363,502.0814,2222.916,-365.1909,380.69,2207.994,-435.0204,260.3065,2067.225,-441.3762,43.2103,1970.072,-315.2857,-115.0722,1957.065,-265.6628,-145.5268,1982.161,-248.6541,264.1151,2351.055,-116.7989,14.46232,2436.339,81.59898,-10.95934,2429.352,130.6958,-82.1256,2397.476,-402.2451,-175.5598,2147.628,-34.55596,-189.877,1988.372,-65.65459,-611.8787,1999.633,-44.62737,-682.2498,1907.829,-263.4936,-171.7029,2264.318,214.9494,-187.0657,2240.95,59.48374,-587.6088,2081.243,84.26659,-656.2557,1961.214,-362.7985,313.4421,2216.14,-214.6318,-203.9626,1961.995,-207.9264,-107.155,1987.889,209.5977,-118.8912,2388.017,104.5459,-118.6784,2372.767
04/04/2016-09:58:28.232,12389,-326.4949,-172.394,2246.103,-344.3941,108.9172,2231.647,-314.5121,502.7816,2219.106,-355.6762,383.9658,2204.338,-426.5336,264.8327,2064.728,-476.6781,56.84956,1964.089,-367.0983,-108.155,1949.923,-317.3873,-144.4095,1979.212,-237.484,271.6106,2357.23,-94.63118,60.04367,2450.056,98.20182,-22.47591,2420.212,150.561,-86.21362,2392.359,-390.3698,-172.7009,2154.227,-34.86475,-191.6757,1988.75,-65.13612,-612.3266,1999.705,-44.01189,-683.3785,1905.509,-252.8603,-165.5768,2271.177,234.9197,-185.6026,2268.605,71.52978,-588.4818,2095.874,135.4033,-661.9326,2027.089,-352.7661,316.863,2213.148,-263.6647,-211.1862,1933.047,-270.0866,-106.4166,2003.038,220.7134,-135.1272,2390.437,120.4734,-129.6655,2341.808
04/04/2016-09:58:28.769,12925,-287.0204,-163.9357,2233.389,-302.9254,113.0029,2214.532,-263.6511,494.4361,2192.281,-307.6589,382.5826,2182.674,-410.3281,274.9611,2056.869,-479.9409,68.7267,1974.862,-395.0286,-112.394,1983.118,-343.4826,-129.6057,1995.046,-165.8423,282.7394,2320.77,19.95357,150.306,2406.14,249.7282,23.47378,2380.927,301.3811,-21.07812,2376.633,-360.0726,-162.7677,2137.991,-20.17122,-208.5363,1993.043,-61.14456,-614.4552,2002.096,-44.48573,-683.4578,1903.303,-206.4644,-159.6502,2261.094,182.4677,-266.6973,2228.474,111.9025,-629.1356,2093.727,181.38,-679.1712,2018.269,-307.8372,316.7903,2193.359,-278.6308,-193.3839,1942.142,-296.5107,-81.37669,2014.113,349.1695,-81.97388,2376.468,299.1946,-77.70052,2338.13
04/04/2016-09:58:28.807,12964,-266.4077,-160.1057,2223.53,-272.8634,113.5516,2201.529,-218.101,485.2488,2173.111,-263.453,377.4591,2167.659,-392.056,282.1709,2049.444,-474.3112,72.87338,1983.56,-379.8329,-114.6556,1988.683,-345.7615,-113.9759,2005.564,-105.4062,284.209,2288.39,98.62077,202.3274,2364,357.6033,65.36053,2361.807,408.7882,32.34554,2373.918,-345.1421,-157.3697,2125.051,-11.89259,-217.3678,1995.4,-57.94593,-615.4756,2004.379,-45.39708,-682.7928,1902.618,-180.2413,-158.0168,2252.334,130.663,-329.9155,2181.618,130.7254,-659.7748,2081.437,215.0401,-663.408,2081.211,-266.8943,312.7054,2178.654,-271.3908,-184.3112,1954.918,-299.3625,-56.05931,2017.48,446.2564,-29.38876,2372.991,446.9555,16.3502,2362.41
04/04/2016-09:58:28.866,13023,-258.1904,-159.6362,2213.281,-246.2434,109.1826,2190.856,-158.5475,471.1694,2163.134,-210.5806,367.5533,2159.968,-354.3584,283.7122,2041.362,-448.0544,67.52772,1988.551,-334.0458,-113.1494,1992.621,-308.0708,-121.8677,2010.77,-54.94942,269.1793,2267.912,133.8365,203.0092,2339.555,363.684,98.32201,2367.879,406.8026,72.55123,2383.445,-339.7215,-154.5196,2113.441,-5.119973,-223.5517,1998.881,-67.46468,-599.7097,2007.323,-46.9447,-673.5293,1912.299,-168.9209,-160.8532,2242.495,99.08627,-362.2508,2147.79,135.6039,-675.7043,2070.01,215.8053,-643.664,2111.668,-219.5208,303.611,2169.576,-230.8777,-182.7374,1977.563,-251.879,-69.21068,2007.788,449.815,21.37604,2381.381,464.4997,92.42397,2395.42
04/04/2016-09:58:31.643,15800,-161.9486,-91.44682,2301.55,-39.61563,126.0615,2307.347,116.5019,449.3086,2264.17,91.26312,335.4499,2303.325,-82.53376,275.5128,2249.818,-207.2187,76.02822,2168.833,-204.8049,-85.00002,2095.639,-222.938,-129.5321,2061.057,263.6864,253.2163,2342.667,430.329,146.0052,2443.985,457.2123,-10.54921,2390.698,451.7461,-61.28003,2375.898,-222.319,-70.40221,2245.259,-20.63877,-345.1964,2079.95,-63.59015,-601.24,2019.704,-55.10449,-665.2054,1914.43,-96.15938,-110.4487,2287.755,162.4776,-254.5624,2096.672,122.6387,-644.2011,2011.364,65.12788,-627.3834,2009.497,59.50395,283.5851,2306.05,-221.1733,-185.0296,2011.612,-186.416,-137.1274,2021.285,455.2536,-121.1082,2327.852,520.8681,-48.54608,2403.049
04/04/2016-09:58:31.731,15888,-56.71365,-17.94041,2314.148,133.2355,153.9095,2385.884,321.7136,449.0817,2383.823,317.959,320.1628,2446.735,130.0672,271.6941,2441.414,-11.91668,93.54578,2338.979,-93.48224,-60.26114,2186.637,-135.4356,-136.0356,2111.339,498.0012,242.5577,2439.373,638.2482,88.29253,2543.877,504.0591,-112.8554,2408.771,462.9629,-187.213,2367.4,-103.1917,8.659135,2296.856,-32.53978,-474.0684,2135.527,-42.46374,-600.7681,2057.57,-85.30091,-645.2332,1955.853,-7.990268,-44.2077,2262.434,276.1341,-181.5556,2077.858,183.465,-648.6804,1980.639,40.5031,-633.4426,1905.528,270.9947,278.3223,2431.287,-185.8837,-177.3143,2049.479,-120.9425,-192.0244,2051.623,435.0179,-256.9485,2281.704,530.7559,-197.4012,2391.233
04/04/2016-09:58:31.804,15961,182.505,-89.51488,2356.596,308.3616,117.9664,2451.702,410.1559,458.4431,2462.291,417.5809,319.2306,2528.881,226.8696,269.8908,2554.587,85.46143,109.9797,2473.054,-21.1484,-43.98092,2258.132,-64.47031,-142.9942,2146.193,602.217,240.9942,2503.003,731.3163,54.98139,2594.733,530.2996,-171.9884,2414.899,493.6679,-235.2643,2374.464,121.6275,-69.76829,2348.48,-20.44814,-606.632,2149.623,40.81154,-622.2123,2103.551,-73.52643,-630.8278,1999.455,238.1062,-106.4205,2296.829,237.9418,-194.6497,2031.417,219.8023,-627.1793,1963.192,113.7775,-648.9808,1811.231,392.5761,270.3797,2512.91,-151.1584,-172.2692,2080.592,-72.28574,-215.1578,2119.941,452.5452,-306.0521,2283.312,546.0391,-277.3399,2379.619
04/04/2016-09:58:31.871,16028,323.2668,-177.1501,2364.301,359.7604,80.52592,2456.694,379.0882,469.3366,2482.863,384.3665,331.6097,2533.82,194.8969,268.0119,2559.316,54.0284,102.0209,2506.68,4.938413,-37.82109,2290.681,-0.1162134,-121.7825,2190.136,570.3974,245.5206,2515.301,701.213,58.36622,2585.864,539.125,-159.9346,2405.871,517.9177,-204.059,2380.905,242.8069,-167.3654,2344.122,11.40849,-614.6278,2133.489,136.6334,-641.5212,2129.479,-21.61113,-625.9572,2030.098,394.0888,-181.4121,2317.012,199.9658,-279.1548,1991.717,221.6198,-638.7156,1896.691,193.8618,-689.8559,1711.641,379.3469,270.2845,2517.414,-27.89554,-161.1987,2129.283,16.65016,-143.8451,2182.583,486.1107,-292.0435,2293.161,558.5415,-259.2681,2369.844
04/04/2016-09:58:31.908,16065,353.1739,-244.5629,2358.706,322.6069,53.88559,2429.178,294.5203,474.6024,2455.293,289.4174,344.5237,2487.173,103.7519,268.2553,2495.14,-16.93657,80.62063,2495.654,-16.25765,-34.33667,2304.04,15.99724,-94.69279,2222.621,474.6705,250.1863,2485.899,613.0925,78.00056,2542.103,533.1354,-108.8103,2395.599,523.6122,-144.1812,2381.777,258.2466,-241.5426,2319.071,33.65665,-557.0963,2104.211,71.05782,-627.1191,2087.614,-12.04704,-637.7721,1963.178,437.6815,-240.2309,2330.716,143.3044,-326.2712,1966.609,234.0219,-619.5533,1918.367,266.6853,-681.6321,1763.049,298.2526,273.2188,2475.469,49.73195,-136.25,2174.918,55.02301,-67.52553,2209.306,504.4649,-238.4066,2302.638,565.6573,-187.1782,2372.246
04/04/2016-09:58:32.004,16161,307.469,-256.112,2361.255,272.5798,51.12506,2414.083,251.3903,474.6323,2435.784,242.3737,349.9081,2457.118,53.65424,270.3598,2458.094,-48.09541,54.03806,2477.707,-28.98442,-66.51537,2330.852,4.716187,-109.3168,2263.167,419.4339,250.4427,2456.912,561.5176,88.1376,2512.822,528.4412,-69.5764,2393.175,524.8838,-99.56654,2383.922,212.0346,-248.6962,2313.68,29.20153,-484.3964,2090.213,-12.88438,-593.4642,2043.458,-17.22342,-638.0223,1899.033,394.3087,-256.1799,2340.887,117.7956,-241.4723,1984.865,238.3741,-588.6409,1957.22,277.1692,-645.3785,1830.383,247.3129,275.9644,2447.019,67.11472,-162.3622,2197.542,56.99823,-46.54848,2210.708,511.3806,-183.6502,2327.365,566.4462,-130.2946,2378.271
04/04/2016-09:58:32.070,16227,255.1396,-220.9378,2372.281,260.0221,67.3518,2425.934,280.4787,471.9786,2452.414,270.7081,347.2403,2470.762,78.21619,270.5183,2480.663,-2.33857,34.33761,2489.819,-22.42809,-87.12341,2356.563,-8.084126,-125.1945,2284.216,442.3234,246.5983,2453.245,583.0723,79.55542,2518.461,532.1316,-67.48125,2402.928,516.8134,-99.41174,2384.614,170.5067,-205.9081,2332.309,8.130331,-456.4574,2097.248,-80.34247,-568.1368,2016.825,-42.49675,-634.4377,1862.837,332.857,-229.8869,2344.054,161.995,-246.2553,2010.113,254.1102,-606.1272,1948.686,232.6328,-617.7537,1846.177,265.7926,277.7509,2459.939,36.46054,-184.9098,2198.685,32.51346,-76.90639,2197.1,488.4172,-179.2585,2325.719,554.8034,-130.8614,2378.623
04/04/2016-09:58:32.105,16262,242.7597,-180.2505,2383.654,289.8311,84.43349,2452.8,343.7911,470.1873,2489.067,339.4613,340.5892,2514.615,142.109,268.6304,2539.582,66.78993,31.57523,2519.232,-2.171029,-96.56668,2373.266,-16.33041,-145.5139,2290.396,509.6666,241.44,2474.951,644.4078,60.95718,2546.405,541.0844,-93.72952,2413.613,504.8708,-144.1344,2377.333,168.6243,-159.7357,2357.346,-13.75839,-481.8792,2113.756,-90.45856,-560.248,2022.835,-62.98634,-627.3331,1871.903,310.2572,-195.8297,2341.737,214.3245,-260.2658,2027.999,270.7701,-630.5616,1928.63,278.726,-588.9575,1902.165,326.0812,277.2304,2499.893,-5.520706,-200.729,2184.23,37.58035,-102.033,2182.225,458.643,-213.5031,2308.058,545.143,-174.8824,2372.923
04/04/2016-09:58:32.170,16327,273.4262,-167.983,2388.954,332.8682,88.41427,2475.082,392.7031,470.4234,2527.73,390.6181,335.5786,2552.511,192.4276,265.1846,2590.874,110.6116,35.9408,2542.017,15.62924,-94.63767,2378.252,-15.08539,-156.6425,2282.855,560.7084,237.7332,2500.096,688.8074,47.90933,2568.507,547.407,-115.8647,2419.709,499.8647,-173.0145,2374.558,202.0508,-147.5442,2370.856,-22.49242,-525.0999,2121.994,-49.77877,-572.6474,2045.321,-65.278,-625.135,1904.804,337.1702,-183.5232,2338.942,240.4485,-318.9946,2033.305,281.9993,-671.2025,1914.728,310.8322,-583.694,1951.317,376.0363,275.1507,2535.216,-29.91002,-205.9204,2171.432,22.00871,-122.9946,2201.793,444.417,-237.8525,2294.454,539.5967,-212.8094,2366.845
04/04/2016-09:58:32.208,16365,314.7185,-186.3515,2387.617,358.2213,82.26038,2483.533,396.8733,472.0963,2543.789,395.3532,334.7138,2565.98,198.1567,261.7838,2605.244,101.9977,44.97313,2546.81,19.33262,-84.93658,2372.935,-7.090709,-153.4586,2270.417,566.5394,235.9569,2514.922,692.4459,44.13853,2574.714,549.5577,-124.642,2419.28,500.5493,-181.1386,2375.981,239.7259,-170.7192,2368.762,-18.08609,-548.3158,2118.698,-7.517838,-584.874,2057.11,-56.75533,-624.1722,1924.886,381.0626,-196.5809,2338.801,228.9101,-369.5865,2026.493,284.2894,-692.4579,1909.492,301.3335,-669.1654,1870.815,386.6982,272.2914,2547.779,-24.01457,-192.838,2173.695,28.10305,-103.3429,2215.819,452.4695,-238.2677,2293.961,542.6346,-224.4638,2365.388
04/04/2016-09:58:32.303,16460,338.8578,-214.7693,2392.157,358.4062,67.98266,2483.187,373.3976,471.8402,2540.91,369.1441,335.6353,2558.586,174.3739,259.4673,2592.778,69.62464,51.30487,2546.591,5.131941,-67.77419,2372.493,5.186085,-120.8139,2267.834,539.2104,234.139,2515.221,664.4335,46.19064,2566.412,544.4932,-113.4206,2412.451,505.0792,-165.94,2380.277,258.4993,-204.9094,2369.334,-7.352817,-507.3036,2090.385,56.06684,-617.7252,2111.793,-17.58202,-595.7994,1968.43,409.6223,-218.874,2347.264,206.0016,-369.726,2020.174,277.0917,-678.8949,1923.105,272.394,-726.0609,1795.669,366.6951,269.1356,2542.209,-1.264228,-149.8972,2201.531,36.03178,-58.49705,2243.578,467.3076,-225.2277,2297.01,549.8464,-202.4838,2370.572
04/04/2016-09:58:32.339,16495,331.9698,-229.3561,2398.696,344.5688,59.41795,2478.925,352.0051,471.4998,2532.626,345.824,336.8721,2547.551,152.7934,258.8839,2577.473,44.47087,53.83546,2544.286,-10.01354,-54.92419,2377.06,11.09335,-96.69906,2274.527,514.5668,233.4744,2510.212,640.4658,49.63379,2557.336,539.9043,-100.939,2407.572,507.6306,-146.1794,2382.824,249.7636,-220.7276,2371.953,-0.4517802,-449.3048,2066.046,77.61697,-629.4138,2133.916,9.637629,-567.7454,1984.19,405.0284,-232.0074,2357.461,192.2651,-336.5732,2021.276,270.7802,-653.8038,1939.273,309.596,-700.1445,1843.485,346.2499,267.7556,2532.432,19.85498,-112.6229,2229.224,43.10108,-25.26917,2257.109,477.1219,-209.8429,2302.202,554.0228,-178.3347,2374.345
